5282239546,uodbd
6283596234,ybbvk
7892156229,bvnlc
8138274075,cmdkc
4478641240,napyt
9686532590,ajgug
3268844961,xuqty
7862788390,eqarg
9762846098,rvqqg
7183604848,ptjda
6821741113,qbxuz
1428320979,ubwtr
7695409672,kzfko
2360123328,nuxqj
3634096764,cdkmv
5246857178,fjqnl
2621313534,wsomi
4626210418,luira
6744339530,bxxvb
9623660283,ghwhg
7960462975,lbvjt
5731338933,abibr
6661334606,mdhzx
1049916910,yldfi
1388617448,khepe
5741513143,humjq
1201700054,rgjhd
8153615333,mpadr
1943807749,mflzv
1710510012,haiiw
1105561998,ophmb
1356963045,hcxkt
2536007542,hpyfi
3833253473,jfjau
1188715903,bwpab
2552817588,hoeep
1250295191,qdsrf
2090428271,qzzsw
7086082780,qgmcy
4903251856,kmhvw
6690887805,xvivn
5170356309,bxysl
9424994313,uwtqc
3308190261,zfkkx
5256911263,plvys
8227816980,enexm
8404222306,rfhym
6168569361,qucul
5981018065,uqeat
4965513351,csiow
8729924318,dotzs
2526198185,mawtc
3926510776,iexwp
5584034267,duofz
1478351488,yjkql
8801923790,yccjc
7128955756,xdfdi
8453424179,aculi
2690840816,evdia
9510422536,nhscf
1126212630,asoin
3914804612,mysoe
6411589208,uxgye
8008755098,qkpyz
3545683741,znwta
1475530868,nsgxc
1910785560,dbtsd
8596132821,gsslo
7507955787,wknzy
5157570621,jmrdv
5105018397,zawmo
6209493454,qhgew
9086343290,sbgyj
5203961221,yvhkh
6589940715,nppnq
2569272989,kmjfp
8885463597,qjxoy
4900184143,ljtji
5941109583,xzicm
3079604720,wzegu
8603757453,tyeyv
1740117198,wvdwo
7414369492,ssbmj
6999025037,mhiko
2278106308,phwww
9352167862,lfnfb
1490191444,toeiu
7308271876,fkcdm
1913366794,nfwdn
4083159934,ubjfx
5100935244,qysvh
2476237083,czmgo
7300417988,bagbp
8427607368,zgopb
8176457476,jxwlc
2935183836,igivm
1810161359,zbnwx
8568823087,gxxvz
3939549508,oursu
2468924330,igegw
4760347046,snkfm
5296247608,xthto
8199460533,jktgn
4570063911,vxidn
5600274983,owocx
2582857923,pzsll
7192100421,amoeu
8435099664,xhxnk
1900339172,lhhwu
4114297530,aucdq
7331613882,nabcs
6105135407,egetk
7418813956,wzcud
4251841021,tujag
2295803217,mynpz
2337252274,agzzn
2305839263,prqyq
8519217654,jjray
1000390148,ehjtq
5331146792,ehhnl
7876434972,xgewh
7936115825,ylmob
3111231703,jieeh
6789850768,boqie
1082998522,cpbsk
1260528893,onvii
1325553172,agiju
3283373162,avuux
6776519608,vkpln
7293959660,ytybh
5112357866,pcdvh
7614122453,spaub
7252269895,bhnqf
4067880452,ctolc
7774909510,qjhfq
3534589609,fisox
8533067176,hrkeb
6978880868,crdcu
9976048252,uxjqf
9014904194,ieoql
2241472426,bskcz
1034987955,twznn
9094095100,ycepr
1490523762,blmim
4438052766,ehtvn
8453108335,kdafn
2472151157,skvsg
6720188278,acria
4531031585,omcju
7966824634,qdrax
7335857401,konyq
4078112676,zkckz
5987184584,zutqx
8539308138,bytcw
8147084922,vlhje
1263883751,cmwao
3073222916,xqddf
5636315797,xbigc
8499734139,gavpr
9401854688,ybrne
6488528425,uyyii
7723211443,bahum
9621512487,echcx
3281677312,aliit
7572363411,ejwby
2078156435,lnyna
5105101864,xcbzp
8648169425,ewoie
8245885899,dppks
3396576950,jcrja
1037266749,gzkur
8317065442,ddsba
6298212876,nzkin
7631544431,prbqc
7590563889,vvrtu
9370419798,uvdff
9525284580,bamck
6902995146,fwiwc
4329973250,jaffz
7414490077,toxqk
8081531117,jzuru
2469381577,khboe
7434203892,yafnm
6070426985,zlnpk
7547948298,hnczt
7748282488,nhuio
5017431366,acrsr
4674033123,eukay
3157563022,thpdw
7564918888,vvpti
2253681324,vgitu
1999163617,ntkto
5406508160,wqigc
7540095117,lqljz
7495652020,ypazn
3473052282,qxhwp
1133518578,fmlbm
6205608092,vigvo
9196727732,gfufs
8559191491,yammi
9286560844,jnwqc
1587185815,fsfkx
8337300037,afpyw
8563738667,mhfvu
4417336789,hzctz
8371532328,jkbod
2689918466,cylyw
8526722869,qrdxl
2862094155,mhdgm
5980522003,hlmlf
8742818711,krfjw
6256293823,fabeh
1306180659,obkob
3891097438,zaojg
6137151156,nvpgh
3671030255,fbxow
3334390815,cwotb
6938909837,aqqia
1399448014,txino
8751588702,gctxu
9439631803,ydarq
2658869213,iugso
7980780121,wwpia
9740883697,rbwcw
1061054277,xblfk
1630317184,ajvyu
6037614409,klipz
3346670364,fvwuz
6688761845,opyig
8890465403,ibnqp
5896686091,gekdd
9954496828,ahttp
6538640593,pubpe
2078961261,fuekd
7845707996,kyxrk
7087944425,axzza
2435803063,omill
6972777581,fduwi
1487462528,hycrt
8977079410,mufgy
8418664478,ttrqe
5842416744,nmrpc
4441863882,xtfqy
4689756168,bjcqk
1928566748,rgbkn
9252211837,lxwpv
8897005281,bgugz
3161840864,xvrsq
9850033594,anyql
1201712232,kptpi
8642052772,bntdg
6894229346,zclym
1596373613,cnkpp
7749605325,fotav
5084078546,jtqot
4180164731,sxcqh
9383754212,xwdnb
7158100340,qgpvr
3204993517,jokvh
8672544536,dfhsx
5715501413,xvpns
7463758997,vsvwp
1919309009,ggpbq
8950078708,jjiam
8003835756,fbwfq
2934682789,wzsyi
3940101474,ysxch
7374325219,qzguc
4449472250,zvack
8419591805,faakg
4704789148,orffy
5471615229,prplu
2579700464,elatk
4240615473,oqvpj
2280349419,zcdne
2307594739,ciiwz
4458285313,zioph
1260649390,itxky
3543861415,fcayp
5301874867,lewnj
8086323475,uoeje
6526647238,raeyb
3249728979,clhct
4421883225,zwjbb
6366691090,yotht
6261413517,kzimg
6521600117,cmlit
3257508085,loove
3532305447,sryfb
9893492389,iodqo
4989542475,chzkw
9023700654,saczr
2225310414,nazkp
5656510779,pvsai
2867735726,jwkif
7053256299,zdbmr
1614252001,brlrg
3835019770,zfiwr
8557598486,ajicq
6520067815,adjjx
6860519223,wnohk
4981622620,acizj
5338444575,looec
1835453680,tyget
4181754412,oatxd
1175368680,vcumb
8846807184,yprkc
4589578093,nybxt
3435999265,ojdne
8089422497,nlkhy
7963564834,zcihe
3426022072,bmgfj
6668808053,rggom
6189998027,blvjl
5378593343,nimqn
7441647007,ngpnh
2910040030,kobxv
4174791797,zwoyc
5081605148,fbykb
4259683872,vdrqr
8023886694,ldlht
8625284049,ovrjd
2910827474,bkjij
1538099034,aukel
2356672445,kesht
4285615856,rxwxm
5655464693,ctydz
5359511054,yuggk
2527277197,lsbrp
9372489510,tcbnx
3158451261,wvugn
3029865286,aphpt
5606446160,cfeut
1147416340,fbiip
8790893966,fyhuf
2862423527,uhkwr
1534915258,jrxik
9091067181,tlaae
2676473513,sihyl
8061548315,fptpl
3622249662,mnthh
6180246007,krimt
9150257754,yszmh
3404915800,bhvsw
4373156775,tsprs
8127949219,pavlo
1876941906,jgljk
2719453759,mqxqi
2268646175,vdqap
2388051001,qzppd
9426266385,zqxdv
3371403262,kokvd
9113158485,utpdg
7772924195,jhpvz
8656653331,jrxpi
5609762644,odsls
4817102091,gnmxy
4630584097,bdohk
8477625215,yigjf
7547570382,uclij
7408713662,sdmao
7862248806,hzcvd
7552967422,azftb
6581381450,jghib
5388564071,wpfpq
2473351817,nzrjd
5129727559,ijeio
1574578207,zlqxh
2868857054,fnmao
5827100359,aufrj
3900949920,wpfzz
7516733481,lgnrn
3431989850,gsdvi
2454906769,juuhr
1415481685,pagee
9829124803,ritta
7365754723,ysmoe
4036800728,jsesn
8442521784,nkvyd
4419041380,kvzmc
6748355522,cuhqb
3136880750,umumu
4674888549,wfqli
9567514174,qepgv
6800775433,booiz
8209529263,pzmhr
5362536608,gpfms
4923549384,tbyrj
9385833859,mqaoh
5546599865,inxks
3864009739,fndpx
8882977505,zamuv
7012521791,mriqv
7489732813,dwhmi
7281113084,gpvpt
7528012677,fmazk
2574060312,aqqzx
7015095781,ppkya
7773906356,damlt
8446731438,wplir
8742769478,eovqk
2007414387,dozir
2493396921,gfjly
4557944661,hsoaj
5904540081,xsvav
6316022440,gpdon
7118254886,cngvu
2467890015,jeauk
4184691107,wjecp
7537665376,wnieb
3298324187,uauwt
2988436991,ccqvy
7672220201,uwuhl
1027657398,wadka
5201965869,uiawb
4083059274,frcfr
1546610097,xrpmm
9377891838,nucqs
5563884779,wzuzp
9442650475,tvyqi
1432515171,unhyp
4097894941,pmdzd
9182215441,dvtrl
8826783252,llqob
2087883300,ypizs
4325672328,mvovg
2652358813,pazfh
4943094756,uutcy
1703517482,prcmp
9599286509,bbsah
7078255909,ctebf
5808906801,ztigm
4074984782,lktnt
6937142501,nofgx
3275755631,fgbod
7502727303,gkfbf
5788487624,cqxaj
4242930656,lujhk
3015975261,yfufn
6272024195,ckaif
9097677401,llndv
7008536747,bxuif
2070545065,uyifl
5472291066,mhkwp
8715585357,donbj
7837642535,hfesj
6587658992,qoood
1784195974,vrsrx
9017554631,bkzga
3592963309,uzwdr
8048044047,ulqnz
4930592323,kaoaz
9821930200,zghve
9036059132,zbwan
3690611307,perhi
6222724877,mamzs
4773224593,rovkx
6990253039,pazin
6394272796,nmihe
5141693419,ddyln
7280959669,tjcox
3380541502,tvwme
7445517405,burdp
3275138986,llpdl
2543832488,pvgji
1792745284,uihzs
9806016973,yvqfv
6623464900,lhzef
4999452960,wzzvw
1588128058,iblpo
5796001734,gfcmt
8389167369,fyvfh
4250511026,fsgtq
6558472783,xnept
8008137443,qffgh
6681449858,aekjb
7054808229,tscmd
8121419098,vualb
4542200438,emzza
7198835920,lyvyb
9298205462,gnxwi
5776668013,avjzw
5750130319,dvudd
6334476988,cfpss
5170203717,whras
2888408022,uivws
1070159297,rsvmj
4903240124,priqx
8726175775,silxw
3549305221,jchpn
4747446519,fjmer
8403956035,rosik
4285392672,frjmq
8874677138,rvyed
2995849019,pqkuc
6963649199,osyiq
5749880077,wwloj
7210324668,cesbw
5975084025,xtjqj
4445291636,mtwie
2242516479,owexv
3609560769,fzpfd
8196698648,inuwo
5188482365,piqze
4802127143,oibrj
9625633570,ultew
8424457732,sibts
9194125722,hkvdj
3248328445,libuv
3064041164,bukxi
6645085209,fkopf
7017797737,kdxdc
8886038278,epjsd
1956719265,dckjn
4986944654,otutk
7052638747,djnqh
5067814361,dwjrz
1983784749,bxsth
4154282368,aevtl
3133317882,gijyi
2969392584,eqyzf
5507191090,qdurp
1217581682,hxtkt
1542799560,oyfab
5446379009,glazs
9279253813,wtfob
4478004954,txber
4575976688,facin
5687310639,cjzlf
5809357528,pvrkc
3858533720,dkvqe
6646561506,yvvgs
6606665451,pnaxd
3533256277,dsktd
8508893227,mkckd
4031955835,xfvph
6287963009,rkkio
9184500329,kazmr
5853896664,epwwx
9041385586,iixvr
1688158149,seiuo
1139768589,inirh
7972541996,mhegn
3519091518,jozyc
2498840129,ndbum
2452210131,zhaxm
9710936825,miolb
8121324504,mugwc
2152507434,tzdwi
5846535387,yvpjz
8786563429,wobhq
8988080751,vttxv
5531432482,maaxk
3806004235,exurg
9554811440,phuwe
7313280502,flwnw
8071268203,idkcs
1538695713,qskwb
3762278233,djlkb
1844861668,zmbrt
6452708925,rgoja
9746334049,ukdyi
3958777862,laiid
2545776718,ynbia
2013002068,uzsrs
4465181129,wnrco
7522322877,soinz
4589069380,ziwme
3825223676,oovdu
7706084976,nafhn
4275949070,vneih
9235467353,wvzhc
7538271700,kygwi
4248846902,kvswv
6277224766,arsrn
3408377803,xuuoc
1083583692,ouipn
7562805552,uskhp
9415251970,nopty
6304281317,qzoxd
3587612164,iiyge
3664755933,zgama
5944160585,wbzzh
1339137682,zhaok
1975022170,bxxsa
2033999211,hodoq
8860853571,emebf
2580712916,wfwmk
7699446767,piyyh
3100231628,nszsh
1564886342,ogunx
1286535113,zskha
5141377577,gxdby
3756623063,rlbvt
3670109214,xkapw
5592117923,pnpxu
8776535895,cmppm
1356927353,rfsie
5337682320,khkzr
8647547770,tcmub
9025485120,iilja
8623263596,kawss
3493215897,ejapi
6037114157,qeihg
7920462468,lzehk
4540227859,pinrc
5093120670,yjwcg
9988156590,kxzzu
4067643330,jiwor
9542470466,wqhjt
2760993090,ampno
7257407283,xpbbr
8038394864,vedpp
7994722575,ubdvb
9926240454,lcicd
8302456784,pbguz
2943935791,otgyw
8484302474,kbsjn
8374576460,uyhjk
4082581038,bneou
6791847532,gkrdu
8966044322,sclvu
5364944339,salge
7216531826,fjmqq
9134279833,rxutq
3050606873,ziwja
1357990946,mnozu
2888746223,ggrpq
7105268916,nvcmq
1550970365,srunq
6068265458,ccdpb
6594592086,vxofi
6769449911,qgwzl
3171275266,bgvnj
9261403301,welfj
4645054881,vxxyn
2313948374,dzzzg
2055003164,oluyi
9553890683,pwyxy
1528142715,kanhn
8544137052,voxqd
5948123809,uvmog
5488630196,rwrhk
4333818890,yvrgn
2661660682,froob
5469544223,fmrxc
5934551119,mfyyc
7093510514,yxpmz
6289085063,zyask
4963926389,vqpao
3176745706,wtcpy
5279435742,qapkd
4060186175,wpexq
4246819770,ldngc
7910388558,iatxv
5745832321,pbgiu
9773847263,dosol
8632846728,hrsed
5280583937,degva
4314327705,pkkxc
9054625925,mhbdy
3417237311,hiiau
7690813041,siugo
1027080481,xcjpq
3719626997,ciizd
8747495310,olnos
1382822768,auieo
5020823983,wpyjx
7807146326,pyvdx
2730657413,iusto
5161702746,vfqdg
4414540131,yazuh
9962664114,hiihm
3293130171,ncpwz
2170546560,oacmg
3552983439,lmazm
7466960178,pyglo
7468219506,fpqwk
8251637170,vnolv
7712806240,cdykx
5194707600,mrgfp
6625897688,wvuxo
7177591827,ryklf
6031414322,rrrsx
7201168743,dbymk
1202191845,gmwol
6409279845,ewdym
5900470263,xelhu
7394064574,ltepr
2731624630,wfods
8471770093,finpm
6443162887,lsnkk
6413947784,lopfn
6661891494,pyuzn
7712016038,lfvcf
1833814139,jpvip
3084327946,bpesz
9425597675,eyzjr
2242380116,dnmdo
3945313415,vfxlc
8580007024,ekkmy
8402826772,brjqg
5695041092,pzdpq
3524902334,jiqfp
5699840546,cqqng
8703831314,thboa
5086933462,dcett
9288884928,sldmr
3334885553,awago
8422340127,hwlzw
6010346955,gcfbr
4661703907,udnim
5631529753,aidcw
7672212727,hwgml
7630751075,vurhl
3992843097,ornqo
9497535856,huucc
9340710827,acclf
5152443775,jtlov
6619642505,ahndp
3409200029,gerjd
9875504997,zldcf
4277816338,riumn
9415937517,vobfp
4447742597,quiyy
3412966902,cpfok
3469979701,pkllh
1638685123,ymlkx
5330051942,xfxfy
2141812673,jnscv
5097348767,ayfsd
4616716676,jmzap
3193740869,neflu
8749001559,pujrk
2749155134,ivqwe
5834740343,xknjf
2651275467,lwtfb
8330915992,ihfms
4178676444,zroiv
1829000581,kxqrn
8810934686,coyle
9357044464,gwmnr
3813337424,trkru
8775724022,bvvgv
2312118754,dcmty
1248349322,ggpoy
8489681858,wjsrs
3527683110,gtaoj
3731356602,yygqi
4664198647,jxnzv
6617883273,uxdjs
9837169337,jglgf
8010877594,fpnjm
1458545333,ukcyp
9722398725,chgou
6240664658,ypbya
2225845801,zrlxw
5573607040,cmhmt
5981320387,oxkeg
6569431642,gieyi
1031164706,rrqpa
2702480372,wlgvm
6682218405,qbgty
9437937855,wyqlv
1140174310,knpwh
1581830356,sjdnq
1093516475,ixqbp
9653529218,bbtpa
4213606623,mzmnl
4665449485,tejap
9752471681,mulsp
4805419037,rotro
3562402428,jwkeg
3538304720,euigc
1935781338,xdnyg
8119492285,qpgjt
5952561662,lkhom
1101123091,cxlyi
9564126488,fcssj
4429115957,tduhw
6431735323,gngrc
7055028175,niftj
9765588765,criuy
8631037566,vencn
2042511933,ewuxg
2289035251,wzfug
6202168750,kuoxz
5279212786,lzyan
3416990988,hzwyw
9563451988,iugfm
4597287940,mvvlf
1193124581,dztqr
5992948402,rnoiq
7874491650,wcoib
6289745052,acnqd
2363598716,vimzz
6303205470,ahhjl
1615730944,lsawn
6968253757,hwwru
8734980788,xvnhy
4081324409,egslh
4927820098,hrkxq
9431193550,ohwdc
9398538864,qiqaq
2512254001,odqkq
2846681173,zckff
8086371379,cnsvs
9427040276,uezma
4135053482,sbhae
5047687904,nuyvq
3633542633,wtktn
5415180996,ppgib
8351307350,cnaaa
9673159635,xxeiq
2524041561,rvufb
9775927338,qhkvh
9246256828,hmpas
5809366233,mkwth
8995925000,omwka
7491696574,ttjid
6503312674,uezkr
9815370364,snwsf
7794525031,cdeyw
6695848392,cfhhg
8668608314,gixaf
5170941405,nnmst
6354881107,ewmbu
6235799020,tebwg
4355291748,pejpc
5500830524,hwqtm
1668474863,kaesk
4941065405,izzlf
2851309455,pujcz
6793817265,rwtyo
6705372504,kgytj
3172680968,wrijc
1720509412,mfoom
7186758150,clnpk
3646659897,ojizv
7492260996,kelqj
2664097264,ildid
1416007703,yetny
5297515676,qhdig
9375745714,eomnf
1551550442,xhoon
3254993794,yftky
4907999949,sokfq
2639883007,boeut
1707734905,cjidp
4872359238,puhoe
3545066918,gzifh
1938124361,rtkfn
8456638609,nnfym
4524412881,yqsvy
7272800658,dfzni
2132572467,wwefh
5394930796,hsokt
9165539167,meoea
8331517427,rjost
5308079268,mykug
6583218354,byzaw
2872502533,jkquc
2004077774,cyjct
1454212459,dqhhl
5952077915,flxik
4575866697,uaaxa
1556502853,jfgym
7104395336,rsyny
3476803550,zltfo
8203289835,ofatg
4063404501,mekyh
4239299407,ebjxv
9853692738,kbfzw
2582964515,uzbua
8437774234,atysp
7890607090,slqrp
5672755452,ugxhe
2386081703,slbyp
3889742312,soyxi
5281849527,jxupx
7651700153,njonb
6429124538,abhhc
6333340841,akfym
6346755009,xfovo
7515959759,bjgqn
1451629916,cixyq
8216393794,anpxf
6256735846,sgamc
1944582227,ofleu
1819937784,gichw
7907810903,mqiym
4447534173,bulob
9375394504,ovdpe
6602225841,qkaqq
9569041817,ppoeb
1408206676,uicnd
2006242523,ztdwb
8010556187,xhjhx
7025048820,uphfj
7081268000,ofmqa
1613813825,nqxjo
6778470500,mqcmv
3156523220,thbbs
9175402388,kgpjd
5777596091,vniuz
6732143510,ugamn
3468140593,borwf
7568195388,epgem
7903906867,mccfb
5330003442,odwcv
2313774997,gipsf
6160334105,xxjcp
3990355489,ygghy
2161256546,kfunm
8143234538,lhubd
5208158514,zgmuh
2175541523,lxcgo
7280480616,hdjrb
6562427043,nynpw
4757017928,mebvz
6764582096,yzooa
2787843687,eahio
1283852182,bzruu
6825728253,hpadi
6551069937,ribpp
1050591495,lzvvz
9460933350,nnnlt
3544910222,kcbkh
8171350128,pwtxj
3779846401,vforg
7618665636,gaimj
2733917087,llztl
1657356999,sbfrt
8842907667,stcgh
7813230450,wgmyd
8725012581,totfb
9625809190,mxyzt
2056095755,laxqj
7564794663,oxynj
3814803053,qtqwe
7985382517,jsuaw
2615537722,efhcb
1544909114,wnqco
7295108188,goihg
6121240617,lzhlq
2600331934,ncmfj
5147155070,lkdve
6829398145,rjplq
1432106386,domwg
3389866923,axtuc
8116278063,jqlde
3246665453,wnkdx
8282148485,rmsxj
1803307995,rfkkw
7290504088,lhqov
3559548698,oizsv
6756625339,ubxwl
1820466790,ppcgw
3298112826,tpvtm
4744297423,jmlop
6718743890,efjjj
4516025913,vifbt
9898732946,rwito
3962409368,cnyzl
3012349464,ktgaj
4410600332,fuedd
5972556771,xfvoh
4495792582,suctu
9968108158,wrwxa
2763801790,doidm
4349100062,galok
8966093742,pzevx
3966066588,vmboe
2197038442,cjamp
1032897511,eqlzx
2189727545,kjhjo
9011881214,tonwi
1147532208,lkhhg
2611222262,bpmgq
3746128997,azlsu
1843357904,cnbgo
3569641121,aoeyu
6903366952,cubfy
7819423556,gjkvh
4296719832,lierk
7857246383,tmocc
2216872728,bxycn
5745327796,vohpl
5421158262,hctle
2184454895,bmybz
5679288137,lckmx
9560814997,evpbe
4822397568,gvjts
4110952536,ytxte
5581594900,tbkwi
3931711473,hjqhk
6520645137,jacji
3688204363,vgilk
4781483095,xaaim
8692147107,xpine
